,age,bmi,children,charges
mean,39.222139117427076,30.663451757666405,1.0957367240089753,13279.121486655948
std,14.044332734156422,6.100468409615801,1.2055714286412185,12110.359656344179
